{"success":true,"terms":"https:\/\/currencylayer.com\/terms","privacy":"https:\/\/currencylayer.com\/privacy","timestamp":1621303989,"source":"USD","quotes":{"USDAED":3.673198,"USDAFN":77.402876,"USDALL":101.475003,"USDAMD":521.909899,"USDANG":1.795359,"USDAOA":654.022501,"USDARS":94.055401,"USDAUD":1.283137,"USDAWG":1.8,"USDAZN":1.693065,"USDBAM":1.607778,"USDBBD":2.01945,"USDBDT":84.810312,"USDBGN":1.60629,"USDBHD":0.377024,"USDBIF":1970,"USDBMD":1,"USDBND":1.335421,"USDBOB":6.906212,"USDBRL":5.273199,"USDBSD":1.000189,"USDBTC":2.2314313e-5,"USDBTN":73.093788,"USDBWP":10.77207,"USDBYN":2.519976,"USDBYR":19600,"USDBZD":2.016079,"USDCAD":1.20385,"USDCDF":1999.999695,"USDCHF":0.90206,"USDCLF":0.025934,"USDCLP":715.593403,"USDCNY":6.4328,"USDCOP":3685.51,"USDCRC":614.022541,"USDCUC":1,"USDCUP":26.5,"USDCVE":91.175014,"USDCZK":20.886024,"USDDJF":177.71995,"USDDKK":6.112097,"USDDOP":56.930149,"USDDZD":133.101546,"USDEGP":15.690091,"USDERN":15.00199,"USDETB":42.510374,"USDEUR":0.821925,"USDFJD":2.029302,"USDFKP":0.711515,"USDGBP":0.70548,"USDGEL":3.395011,"USDGGP":0.711515,"USDGHS":5.765028,"USDGIP":0.711515,"USDGMD":51.150249,"USDGNF":9870.000079,"USDGTQ":7.71437,"USDGYD":209.121474,"USDHKD":7.76545,"USDHNL":24.090197,"USDHRK":6.177981,"USDHTG":89.106184,"USDHUF":288.930204,"USDIDR":14298.5,"USDILS":3.27944,"USDIMP":0.711515,"USDINR":73.213972,"USDIQD":1461.5,"USDIRR":42105.000364,"USDISK":124.029875,"USDJEP":0.711515,"USDJMD":150.337452,"USDJOD":0.708981,"USDJPY":109.13502,"USDKES":107.299354,"USDKGS":84.296002,"USDKHR":4069.999914,"USDKMF":405.149911,"USDKPW":900.000118,"USDKRW":1132.945007,"USDKWD":0.30102,"USDKYD":0.833477,"USDKZT":427.77522,"USDLAK":9435.000071,"USDLBP":1527.00044,"USDLKR":197.035685,"USDLRD":171.724973,"USDLSL":14.109551,"USDLTL":2.95274,"USDLVL":0.60489,"USDLYD":4.46498,"USDMAD":8.839502,"USDMDL":17.763054,"USDMGA":3749.999996,"USDMKD":50.704214,"USDMMK":1557.781778,"USDMNT":2850.913096,"USDMOP":8.001529,"USDMRO":356.999828,"USDMUR":40.404456,"USDMVR":15.450527,"USDMWK":795.000357,"USDMXN":19.76009,"USDMYR":4.124982,"USDMZN":59.044959,"USDNAD":14.110039,"USDNGN":412.500902,"USDNIO":35.129856,"USDNOK":8.24256,"USDNPR":116.949863,"USDNZD":1.38156,"USDOMR":0.384996,"USDPAB":1.000189,"USDPEN":3.714502,"USDPGK":3.530073,"USDPHP":47.870068,"USDPKR":152.797786,"USDPLN":3.722901,"USDPYG":6687.711164,"USDQAR":3.640987,"USDRON":4.0489,"USDRSD":96.623044,"USDRUB":73.846601,"USDRWF":985,"USDSAR":3.750355,"USDSBD":7.984064,"USDSCR":16.425669,"USDSDG":408.502526,"USDSEK":8.32041,"USDSGD":1.33298,"USDSHP":0.711515,"USDSLL":10229.00011,"USDSOS":585.00026,"USDSRD":14.154031,"USDSTD":20735.784508,"USDSVC":8.751552,"USDSYP":1257.535268,"USDSZL":14.110126,"USDTHB":31.463985,"USDTJS":11.40701,"USDTMT":3.51,"USDTND":2.732981,"USDTOP":2.24795,"USDTRY":8.312599,"USDTTD":6.794496,"USDTWD":28.000499,"USDTZS":2319.416018,"USDUAH":27.543733,"USDUGX":3535.640008,"USDUSD":1,"USDUYU":44.192623,"USDUZS":10564.999915,"USDVEF":213830222338.07285,"USDVND":23047,"USDVUV":108.407216,"USDWST":2.51595,"USDXAF":539.22547,"USDXAG":0.034998,"USDXAU":0.000534,"USDXCD":2.70255,"USDXDR":0.695203,"USDXOF":540.47023,"USDXPF":98.549529,"USDYER":250.049493,"USDZAR":14.06425,"USDZMK":9001.199204,"USDZMW":22.456534,"USDZWL":322.000305}}